-0.5765625,22.95611466872375,114,-80,-4.415625,15.043449765907253,95,-123,0
-1.0341796875,21.524690667033113,114,-64,-3.425,16.019148697730476,82,-117,0
1.6462053571428572,19.41421282740633,82,-33,-0.9890625,14.403391714144753,82,-64,0
-6.1578125,19.23079646595127,82,-64,1.359375,14.50750580249324,95,-123,0
-1.6453125,18.021969489413298,95,-123,-1.47265625,15.349123964774101,117,-64,0
4.0171875,16.23079687168328,82,-64,4.416666666666667,20.67382688462771,117,-117,0
4.13125,13.234836547441756,82,-64,10.3203125,15.31463433785945,117,-123,0
-2.3953125,17.34345094055228,95,-123,4.825520833333333,13.655385641584763,117,-64,0
-1.35625,16.804797259636906,82,-64,-2.96875,15.06907921664426,95,-123,0
-1.484375,18.472862010510852,82,-64,-2.8177083333333335,16.171061439546794,117,-64,0
8.864955357142858,19.33465441011867,83,-64,0.11875,15.212298427177267,95,-123,0
4.328125,17.70068385640439,82,-64,-2.334375,15.589381590023866,95,-123,0
-4.518229166666667,20.7313465601606,82,-64,-1.56640625,17.11034246812809,117,-123,0
-4.966145833333333,17.376315889606726,82,-64,5.502604166666667,17.052156311885682,117,-123,0
13.141741071428571,17.753174982764925,82,-110,-2.703125,15.170983495949594,95,-123,0
-3.4578125,22.4971130417848,82,-117,-6.494791666666667,14.845733602843518,117,-64,0
-1.659375,17.82824934224824,82,-64,-0.7671875,15.59598861373795,112,-123,0
8.45625,14.476531384882913,82,-108,-7.9578125,12.657128731068662,95,-123,0
-4.4859375,20.690044157664182,82,-64,3.790625,15.619296146413737,82,-64,0
0.2046875,18.404236347301772,95,-123,0.1515625,14.284295268181546,95,-123,0
-3.0345982142857144,20.242004799937952,95,-123,-1.51875,15.10327856584457,95,-123,0
3.1809895833333335,17.57661215519243,117,-64,0.140625,15.677196670409806,117,-123,0
2.71875,17.757365329279565,95,-123,-4.4921875,13.96938398659167,82,-64,0
-3.8296875,20.308189386361942,95,-123,1.50625,13.996761623229139,82,-64,0
-5.3984375,19.200561451650152,82,-64,-0.5755208333333334,14.31616673334961,117,-123,0
4.84375,21.332940161578758,82,-117,-0.0828125,14.423104887292604,82,-64,0
-4.46875,19.534719691807712,82,-64,0.703125,13.423370114631236,95,-123,0
8.099330357142858,19.87904719569631,90,-82,-0.2796875,16.179797199048686,82,-117,0
2.346875,20.230275646524817,82,-64,5.3171875,14.98450298107494,95,-123,0
5.009375,20.259486348606544,82,-64,-3.3567708333333335,15.82711959177925,117,-64,0
-0.7984375,20.691899020113976,82,-64,3.60625,15.766993560520662,95,-123,0
0.3078125,18.244620822720425,46,-117,-2.1984375,14.35932832895027,95,-123,0
-11.8828125,19.8441667648164,126,-64,-2.528125,15.859317733886758,95,-123,0
0.4859375,15.332862656597879,82,-64,-3.778125,14.86031279900847,95,-126,0
-0.18125,15.8014524154427,82,-64,1.2796875,17.486375765216295,82,-126,0
-4.266927083333333,18.313256524046086,117,-123,-6.290625,12.69460661499107,82,-64,0
3.678125,18.934001069091945,82,-64,-6.8859375,13.533100245180103,95,-123,0
-7.028125,16.76032768129475,95,-123,-2.975,15.19856078712718,29,-64,0
0.06875,20.42138030196539,95,-123,-1.6015625,13.870911471802916,31,-64,0
-2.1671875,21.508614224069476,97,-123,-1.9328125,13.676628727133151,28,-64,0
-1.096875,17.352593184719538,82,-64,-1.2473958333333333,19.53045814367009,47,-128,0
-2.6953125,20.308310565562653,82,-64,-0.678125,14.059121469152155,28,-64,0
-10.7453125,21.509354285457846,95,-123,9.0328125,12.651353122881511,82,-64,0
3.84375,15.129873956431362,95,-123,-4.0671875,14.109621658281407,95,-123,0
3.896875,18.40750499753769,82,-64,0.5140625,15.813259538946857,82,-64,0
4.615885416666667,17.42041749127167,117,-123,0.1015625,14.129446116482901,95,-123,0
-8.828125,20.84110623226068,82,-64,0.9671875,14.79560275351578,95,-123,0
-6.908854166666667,19.28904386615364,117,-123,-4.14375,15.793332008714945,95,-123,0
1.553125,17.612149293438748,95,-123,-2.084375,15.676587028411989,82,-117,0
3.584375,18.68427830715907,82,-117,-7.840625,13.64389422450112,28,-64,0
-0.6149553571428571,20.731385788085554,78,-64,-2.234375,14.359276387038973,95,-123,0
1.0491071428571428,19.869660089189978,95,-123,2.721875,16.48003023311471,29,-117,0
-7.3671875,16.96092526485049,95,-123,-3.290625,12.005854284863489,82,-64,0
-7.93125,18.11391794829324,82,-64,-0.04375,13.630318629346124,82,-64,0
1.728125,22.528963779640975,82,-64,2.3177083333333335,15.292652067194359,117,-64,0
-1.434375,14.032732034759839,95,-123,-5.044270833333333,13.579362347326278,117,-123,0
-2.553125,15.384356591498227,82,-64,2.4015625,16.438607302888947,95,-126,1
6.21875,13.11793708772458,28,-112,-1.7171875,16.09608895321605,82,-64,1
-1.084375,15.488273979348861,112,-121,2.7484375,12.920943417900789,91,-80,1
-5.8046875,14.854112747900622,82,-64,-1.175,11.874368404256286,28,-64,1
0.7015625,14.404534791467364,82,-64,-1.3921875,12.541092514802836,28,-64,1
8.1484375,12.669038195877135,82,-64,-3.4859375,11.043937352506749,83,-64,1
1.58125,14.326863698573392,95,-123,-3.1078125,15.032234164116916,99,-64,1
4.4515625,14.569043510422837,82,-64,-4.8,14.632818422983318,28,-64,1
0.5078125,16.13100474133102,82,-64,-7.1328125,16.939708232626394,28,-114,1
1.9734375,13.65824776219826,82,-64,-2.6328125,15.296584123255878,99,-64,1
1.76875,15.537543996317437,95,-123,-3.85546875,15.327371903486045,117,-123,1
2.265625,15.138776977000983,82,-64,2.809375,14.84159819929697,91,-80,1
2.384375,14.170581528623835,95,-123,-2.784375,13.944322531387998,91,-80,1
-5.8703125,13.201813082010506,82,-64,-0.596875,13.101526255912896,91,-80,1
-1.3046875,15.045326617502983,82,-65,-1.8578125,14.991354849207049,95,-123,1
-2.48125,16.831229112500964,37,-65,2.55,15.282260958379162,112,-121,1
-2.6625,15.96417375719771,82,-65,2.1028645833333335,16.23432231295255,117,-64,1
-0.896875,16.748656371016004,34,-65,-4.4171875,15.129421406314378,82,-64,1
-0.290625,14.993745766464595,31,-65,2.8734375,13.011938534806939,91,-80,1
-5.0,15.204953962442636,25,-65,-2.1419270833333335,16.6658149501612,117,-64,1
-0.5140625,15.340911063104882,34,-65,-2.28125,15.573985470569182,95,-123,1
-0.80625,16.726848505845325,38,-65,-1.4739583333333333,15.63672390021635,117,-123,1
-6.29375,15.797684511899204,42,-65,-2.24375,15.940121107993502,82,-64,1
1.103125,16.53174946079135,37,-65,9.5046875,12.594764905600412,95,-123,1
0.0796875,17.099019340369896,42,-65,-0.4078125,15.748242011883224,95,-123,1
1.3265625,16.819944840384995,82,-65,-0.5640625,15.395381482642573,112,-121,1
-3.06875,17.10313270829353,40,-65,-2.3203125,15.840678249441964,82,-64,1
-0.8453125,16.597142352746864,42,-65,-2.4734375,14.198456586319294,91,-80,1
1.228125,17.17486780107419,44,-65,-0.0640625,13.084005827577949,91,-80,1
-0.1265625,18.00940502719603,46,-65,-4.5546875,14.21718183316735,91,-80,1
-0.590625,16.041876047064292,41,-65,6.203125,13.0697404425021,95,-123,1
-0.721875,15.972461347092844,41,-65,1.603125,14.333374174784351,91,-80,1
-1.2359375,17.709168416277873,51,-65,-1.98125,15.198569782630864,91,-80,1
-0.975,16.08112247326038,34,-65,-4.3578125,13.401087930270577,83,-64,1
-4.83125,15.343859470077925,82,-64,-0.7640625,16.107712314170925,97,-122,1
4.1046875,13.526131303049802,82,-64,3.475,12.951447795516916,91,-80,1
-0.7953125,16.103774108181714,82,-64,-3.3328125,15.895956194574888,95,-123,1
-3.2234375,14.988174945055643,82,-64,0.94375,14.387601813280071,80,-96,1
-4.7921875,15.099014917034944,82,-64,-4.0015625,13.603480622935946,91,-80,1
0.5984375,16.152969852587287,112,-121,-7.6609375,12.28804191566312,82,-114,1
-0.6296875,15.696796843698518,82,-64,-3.5234375,14.079886387453335,95,-123,1
-2.4625,13.768118744040523,82,-64,0.2171875,14.707502918233393,83,-64,1
2.7546875,15.026564287199642,95,-123,-5.6015625,13.291409257809864,91,-80,1
-3.996875,15.459119161012216,82,-64,6.147135416666667,17.76563182343451,90,-96,1
-0.59375,14.848630776522796,82,-64,2.9125,14.181143950683246,91,-80,1
3.9609375,13.274036184261883,82,-64,4.1078125,13.64686095645602,91,-80,1
2.6171875,13.12126202351907,82,-64,1.225,13.34995318343851,91,-80,1
1.1328125,14.832908458554032,95,-123,5.115625,13.733253651606928,91,-80,1
-2.5921875,17.29606895987767,39,-65,1.8234375,12.062017376193493,82,-64,2
3.0140625,16.324678090121523,82,-65,-5.9625,13.195589935656534,82,-64,2
0.196875,14.975876109075386,82,-65,1.70625,12.544593892888681,82,-64,2
-2.30625,15.651276655196533,32,-65,0.5328125,13.126744582715235,95,-123,2
-2.05625,16.0268317498344,32,-65,3.203125,10.40054038184435,82,-64,2
5.49375,15.479016794922732,35,-65,0.5203125,13.900637122173348,82,-64,2
1.090625,16.43380394520316,30,-65,1.3424479166666667,14.603212768920773,117,-80,2
3.878125,16.837852341803423,40,-65,-0.278125,13.140258615581924,82,-64,2
5.990625,15.291130177634843,39,-65,-1.2265625,12.37046308484827,95,-123,2
-2.7265625,16.126121493824662,41,-65,0.8932291666666666,15.166147747175263,117,-64,2
1.2953125,16.328808224342147,33,-65,-0.953125,14.253869745945309,82,-64,2
-3.6125,16.254609923034142,35,-65,2.77734375,15.541146904620733,117,-123,2
-1.115625,16.243337275922553,36,-65,-2.828125,13.215112900931834,82,-64,2
-3.28125,15.447965834940858,33,-65,-6.2015625,14.39145788509954,97,-122,2
-1.371875,16.969250395476372,30,-65,-1.4921875,13.083384079237442,82,-114,2
1.7296875,17.048471152931683,38,-65,8.2234375,14.432550473966607,82,-126,2
1.0734375,18.308448717288798,40,-65,-2.4125,12.01516619735241,82,-64,2
-7.4203125,15.328177481434109,30,-65,-0.5015625,13.444562006945178,95,-123,2
-0.55,14.193000035228634,82,-65,-0.2453125,15.330957546002915,82,-64,2
0.0890625,13.942175417455259,82,-64,-2.425,14.658103560829417,82,-64,2
-0.4296875,12.214798653778283,82,-64,5.24609375,16.575917846368093,117,-123,2
0.6515625,13.46345159342855,82,-64,-5.334375,13.147982482471408,95,-123,2
-1.6234375,11.198231475710518,82,-64,1.4205729166666667,16.21659848237087,117,-64,2
2.215625,12.237126127460442,82,-64,-4.78515625,16.857767079690177,117,-123,2
3.6125,13.675588424268991,112,-121,0.56875,13.48940411721363,82,-64,2
-2.90625,13.622727734837103,95,-123,-7.204427083333333,18.109796243587795,117,-123,2
0.19375,12.354653412277496,82,-64,1.7484375,13.163544500194229,82,-64,2
-3.0953125,12.558064262749404,95,-123,0.8580729166666666,18.37710907496107,117,-123,2
0.35,12.909758905572172,82,-64,-4.6078125,15.217617305769119,95,-123,2
-5.1375,13.86677120854022,95,-123,3.7890625,15.289831355220821,95,-123,2
-1.60625,14.968862212523035,82,-64,1.165625,13.202890530462449,82,-64,2
2.2734375,14.409260717802066,80,-64,3.3958333333333335,17.68767176987658,117,-123,2
0.884375,14.171463610346498,95,-123,0.9778645833333334,18.887434635404098,117,-123,2
-0.45625,13.035335091109088,95,-123,1.828125,13.855678763033408,95,-123,2
-0.046875,12.547696112608682,82,-64,-0.2453125,15.563804460264327,95,-123,2
-2.6484375,13.875444724714006,95,-123,-0.8463541666666666,16.07096363397559,117,-123,2
-2.25625,14.319565668605314,95,-123,-1.409375,15.419181629041633,82,-64,2
0.321875,13.964111016615952,95,-123,6.856770833333333,14.77021235141242,117,-64,2
-1.1625,14.76096520387471,112,-121,-0.5143229166666666,14.601202257145067,117,-123,2
-2.8390625,12.681336152830811,82,-64,0.1515625,16.83227454352482,82,-65,2
5.4171875,11.929847739591807,82,-64,-4.5828125,15.676994038713028,43,-65,2
5.4015625,14.243408477558795,97,-122,-3.8609375,16.67645343354197,35,-65,2
1.0609375,12.951147598614332,28,-64,5.790625,15.20042884623243,38,-65,2
4.4328125,13.598087580238765,99,-64,-1.2578125,16.341782192124693,29,-65,2
-1.0140625,12.80800978864764,28,-64,2.0046875,15.992917667747301,39,-65,2
1.946875,14.238053860495647,28,-64,3.128125,15.456263584203493,34,-65,2
-1.9921875,12.524910237795869,28,-64,-4.878125,16.520086909104773,39,-65,2
-3.0453125,13.422909866245238,99,-64,1.5953125,15.483266468266436,36,-65,2
-4.653125,14.649925007807207,28,-64,3.9546875,14.602530064250638,33,-65,2
-2.4046875,14.322959384405998,28,-64,-1.690625,16.610649057438273,43,-65,2
1.034375,10.034880086945483,28,-64,-8.2828125,15.27701556554302,43,-65,2
0.7453125,14.433656736161621,99,-64,-2.71875,15.669206215935127,37,-65,2
2.8609375,11.166399335555475,82,-64,-5.5859375,15.953608204606686,37,-65,2
1.571875,14.600015718634516,95,-123,-3.9125,15.960845646456205,33,-65,2
-1.24375,14.6427229686797,82,-117,-2.0640625,16.367573384472536,40,-65,2
-1.5734375,13.304988986601746,82,-64,3.75,16.168352575324427,41,-65,2
0.4109375,11.65513053856943,95,-123,-3.940625,15.230917556384282,82,-65,2
0.7953125,13.344017031139602,95,-123,-1.946875,15.90136559338144,82,-65,2
4.590625,13.74629175848436,95,-123,-0.5359375,17.23292512883677,41,-65,2
0.24375,13.668507085175763,82,-64,-0.8734375,17.399387041892993,40,-65,2
1.465625,13.823849621555315,95,-123,4.6890625,16.180482235430866,35,-65,2
4.240625,13.02755155849997,95,-123,1.2875,17.129337954223452,37,-65,2
-3.396875,12.160591689320674,82,-64,-2.3734375,16.017848854749307,38,-65,2
-4.2640625,13.682354822766941,95,-123,-3.4328125,16.138904418821117,37,-65,2
6.35,13.422672051421058,28,-64,-2.7046875,16.471243214382568,35,-65,2
-5.4234375,13.18428565314002,82,-114,2.346875,16.782756857393093,33,-65,2
5.6,14.602097452078588,95,-123,2.29375,16.129978640329938,43,-65,2
0.778125,13.963708192467179,82,-64,-1.3359375,16.622686560724585,35,-65,2
-0.5859375,13.765858663595735,95,-123,-0.809375,17.133152427658345,41,-65,2
-2.6015625,14.14977906394986,117,-64,-2.7375,16.880920257794003,38,-65,2
3.6296875,14.12628511507338,82,-117,0.3515625,16.51863996546307,40,-65,2
-0.7828125,15.511327057664788,95,-123,-5.478125,16.315143164691353,41,-65,2
3.528125,13.997851048799419,82,-117,0.353125,15.651287574329947,95,-123,2
1.14375,13.449255032807578,95,-123,0.9421875,17.106507393820742,38,-65,2
2.9796875,12.896507275318529,82,-64,-0.7859375,16.2410395217207,31,-65,2
1.1421875,11.53514066731931,95,-123,-1.225,15.62317989399085,82,-65,2
-2.0734375,12.679310684480988,95,-123,-0.590625,15.595008403632715,35,-65,2
-3.7296875,15.3508059610023,95,-123,1.7921875,17.11137053145784,42,-65,2
-1.7375,13.99296140028979,82,-64,2.7109375,16.126236553241235,39,-65,2
-3.746875,13.596816823594226,82,-64,1.59375,15.45246617655253,34,-65,2
0.909375,13.145385582377376,95,-123,-2.5390625,16.342573974778077,33,-65,2
-1.940625,16.02828280288862,82,-64,-1.9046875,15.583704727289454,35,-65,2
-2.2609375,13.473667805059385,95,-123,-2.4015625,16.650722508605856,36,-65,2
